,value,error
Rg,2.671232933683082,0.028709869837622883
Ree,6.171723562145233,0.11549500713193853
nu,0.48641078299379337,0.0014249068835746929
